{
    "aboutUs": {
        "title": "About Us",
        "para1": "At Al Yasamina Landscapes, we believe that nature has the power to transform spaces and uplift lives. Founded with a deep passion for greenery and sustainable living, our nursery provides high-quality plants, landscape design services, and expert guidance to help you bring your outdoor dreams to life.",
        "para2": "Our journey began with a simple love for plants and a vision to reconnect people with nature. Over the years, we’ve grown into a trusted partner for homeowners, businesses, and garden enthusiasts looking to create beautiful, vibrant spaces."
    },
    "whyChooseUs": {
        "title": "Why Choose Us?",
        "para3": "We don’t just sell plants—we cultivate relationships. At Al Yasamina Landscapes, every plant is cared for with dedication, and every project is handled with the utmost attention to detail. Whether you’re starting a small indoor garden or planning a large-scale landscape, we’re here to guide you every step of the way.",
        "para4": "Visit our nursery or explore our services to see how we can help you bring more green into your world. Together, let’s make every space bloom with beauty and life."
    },
    "getInTouch": {
        "title": "Get in Touch",
        "para5": "Send a Message",
        "para6": "Contact us if you have any problems with the service or shipment or even if you need consultation for a plant."
    },
    "contactForm": {
        "options": ["Pricing", "Delivery", "Payment", "General"]
    },
    "contactInfo": {
        "callUs": "Call Us",
        "callDetails": "Call us if you have any problems with the services or shipment or even if you need consultation for a plant.",
        "phoneNumber": "+961 79 195 155",
        "visitUs": "Visit Us",
        "visitDetails": "Visit us if you have any problems with the services or shipment or even if you need consultation for a plant.",
        "location": "Lebanon, Saida, Saida Eastern Highway, Facing 'Touch' Telecom Company"
    },
    "images": {
        "potImage": "images/pot.png",
        "flowersImage": "images/flowers.png",
        "phoneIcon": "images/telephone (1).svg",
        "locationIcon": "images/geo-alt (1).svg"
    }
}
