{
    "title2": {
      "main": "Al Yasmina Landscapes",
      "sub": "FAQ",
      "sub2": "These are the most commonly asked questions about AlYasmina Landscapes."
    },
    "buttons2": [
    {
      "label": "General",
      "link": "#general"
    },
    {
      "label": "Pricing",
      "link": "#pricing"
    },
    {
      "label": "Plant Types",
      "link": "#plant-types"
    }
  ],
    "faqs2": [
      {
        "questions": "How long will it take to receive my order?",
        "answers": "Your order will typically arrive within 5-7 business days."
      },
      {
        "questions": "Can I track my order?",
        "answers": "Yes, you can track your order through our website using your order ID."
      },
      {
        "questions": "What happens if my plant arrives damaged?",
        "answers": "If your plant arrives damaged, please contact our support team for assistance."
      },
      {
        "questions": "Can I return a plant?",
        "answers": "Yes, you can return a plant within 14 days of delivery."
      }
    ]
  }
  