[
    { "question": "How much sunlight does your space get?", "options": ["Full Light", "Partial Light", "Low Light"]},
    { "question": "How often do you have time to care for your plants?", "options": ["I have time to check on them every day", "Once a week is good enough", "I prefer a low-maintenance plant"]},
    { "question": "Do you prefer flowering plants?", "options": ["Yes", "No"]},
    { "question": "Do you have pets that chew on plants?", "options": ["Yes", "No"]},
    { "question": "What’s your plant care style?", "options": ["I’m hands-on—watering and giving attention regularly", "I can be a bit forgetful, but I love plants anyway", "I prefer plants that are independent and need little care"]}
]
