{  
    "project":[
    {
        "id": "1",
        "Plant-name": "Peace Lily",
        "category": "Indoor Plants",
        "description": "A flowering plant with dark green leaves and white blooms.",
        "image": "/images/Maskgroup.png",
        "price": "20$",
        "lightRequirement": "Low Light",
        "wateringNeeds": "Moderate",
        "size": "Small",
        "petFriendly": "Yes",
        "color": "Green",
        "plantType": "Indoor Plants"
        
    },

    {
        "id": "2",
        "Plant-name": "Rubber Plant",
        "category": "Fertilizers",
        "description": "Known for its thick, glossy leaves; prefers indirect light.",
        "image": "/images/potted-plant-alocasia-popular-houseplant.png",
        "price": "35$",
        "lightRequirement": "Medium Light",
        "wateringNeeds": "Low",
        "size": "Medium",
        "petFriendly": "No",
        "color": "Colorful",
        "plantType": "Fertilizers"

        
    },
    
    {
        "id": "3",
        "Plant-name": "Fiddle Leaf Fig",
        "category": "Outdoor Plants",
        "description": "Features large, violin-shaped leaves; best suited for bright.",
        "image": "/images/Group 69.png",
        "price": "15$",
        "lightRequirement": "Direct Light",
        "wateringNeeds": "High",
        "size": "Large",
        "petFriendly": "No",
        "color": "Flowering",
        "plantType": "Outdoor Plants"
        
    },




    {
        "id": "4",
        "Plant-name": "Plastic Plant",
        "category": "Indoor Plants",
        "description": "It’s a plastic plant made of plastic",
        "image": "/images/1.png",
        "price": "10$",
        "lightRequirement": "Low Light",
        "wateringNeeds": "Moderate",
        "size": "Small",
        "petFriendly": "Yes",
        "color": "Green",
        "plantType": "Indoor Plants"
    },
    
    {
        "id": "5",
        "Plant-name": "Patrick Star Plant",
        "category": "Fertilizers",
        "description": "Known for its looking like patrick the star",
        "image": "/images/2.png",
        "price": "12$",
        "lightRequirement": "Medium Light",
        "wateringNeeds": "Low",
        "size": "Medium",
        "petFriendly": "No",
        "color": "Colorful",
        "plantType": "Fertilizers"
        
    },
    
    {
        "id": "6",
        "Plant-name": "Fiddlesticks Plant",
        "category": "Outdoor Plants",
        "description": "Features large, guitar-shaped leaves; best suited for bright.",
        "image": "/images/3.png",
        "price": "15$",
        "lightRequirement": "Direct Light",
        "wateringNeeds": "High",
        "size": "Large",
        "petFriendly": "No",
        "color": "Flowering",
        "plantType": "Outdoor Plants"
        
    },




    {
        "id": "7",
        "Plant-name": "Peace Lily",
        "category": "Indoor Plants",
        "description": "A flowering plant with dark green leaves and white blooms.",
        "image": "/images/Maskgroup.png",
        "price": "20$",
        "lightRequirement": "Low Light",
        "wateringNeeds": "Moderate",
        "size": "Small",
        "petFriendly": "Yes",
        "color": "Green",
        "plantType": "Indoor Plants"
        
    },

    {
        "id": "8",
        "Plant-name": "Rubber Plant",
        "category": "Fertilizers",
        "description": "Known for its thick, glossy leaves; prefers indirect light.",
        "image": "/images/potted-plant-alocasia-popular-houseplant.png",
        "price": "35$",
        "lightRequirement": "Medium Light",
        "wateringNeeds": "Low",
        "size": "Medium",
        "petFriendly": "No",
        "color": "Colorful",
        "plantType": "Fertilizers"
        
    },

    {
        "id": "9",
        "Plant-name": "Fiddle Leaf Fig",
        "category": "Outdoor Plants",
        "description": "Features large, violin-shaped leaves; best suited for bright.",
        "image": "/images/Group 69.png",
        "price": "15$",
        "lightRequirement": "Direct Light",
        "wateringNeeds": "High",
        "size": "Large",
        "petFriendly": "No",
        "color": "Flowering",
        "plantType": "Outdoor Plants"
        
    },




    {
        "id": "10",
        "Plant-name": "Peace Lily*",
        "category": "Indoor Plants",
        "description": "A flowering plant with dark green leaves and white blooms.",
        "image": "/images/Maskgroup.png",
        "price": "20$",
        "lightRequirement": "Low Light",
        "wateringNeeds": "Moderate",
        "size": "Small",
        "petFriendly": "Yes",
        "color": "Green",
        "plantType": "Indoor Plants"
        
    },

    {
        "id": "11",
        "Plant-name": "Rubber Plant",
        "category": "Fertilizers",
        "description": "Known for its thick, glossy leaves; prefers indirect light.",
        "image": "/images/potted-plant-alocasia-popular-houseplant.png",
        "price": "35$",
        "lightRequirement": "Medium Light",
        "wateringNeeds": "Low",
        "size": "Medium",
        "petFriendly": "No",
        "color": "Colorful",
        "plantType": "Fertilizers"
        
    },

    {
        "id": "12",
        "Plant-name": "Fiddle Leaf Fig",
        "category": "Outdoor Plants",
        "description": "Features large, violin-shaped leaves; best suited for bright.",
        "image": "/images/Group 69.png",
        "price": "15$",
        "lightRequirement": "Direct Light",
        "wateringNeeds": "High",
        "size": "Large",
        "petFriendly": "No",
        "color": "Flowering",
        "plantType": "Outdoor Plants"
        
    },



    {
        "id": "13",
        "Plant-name": "Peace Lily",
        "category": "Indoor Plants",
        "description": "A flowering plant with dark green leaves and white blooms.",
        "image": "/images/Maskgroup.png",
        "price": "20$",
        "lightRequirement": "Low Light",
        "wateringNeeds": "Moderate",
        "size": "Small",
        "petFriendly": "Yes",
        "color": "Green",
        "plantType": "Indoor Plants"
    },

    {
        "id": "14",
        "Plant-name": "Rubber Plant",
        "category": "Fertilizers",
        "description": "Known for its thick, glossy leaves; prefers indirect light.",
        "image": "/images/potted-plant-alocasia-popular-houseplant.png",
        "price": "35$",
        "lightRequirement": "Medium Light",
        "wateringNeeds": "Low",
        "size": "Medium",
        "petFriendly": "No",
        "color": "Colorful",
        "plantType": "Fertilizers"
        
    },

    {
        "id": "15",
        "Plant-name": "Fiddle Leaf Fig",
        "category": "Outdoor Plants",
        "description": "Features large, violin-shaped leaves; best suited for bright.",
        "image": "/images/Group 69.png",
        "price": "15$",
        "lightRequirement": "Direct Light",
        "wateringNeeds": "High",
        "size": "Large",
        "petFriendly": "No",
        "color": "Flowering",
        "plantType": "Outdoor Plants"
        
    },


    {
        "id": "16",
        "Plant-name": "Peace Lily",
        "category": "Indoor Plants",
        "description": "A flowering plant with dark green leaves and white blooms.",
        "image": "/images/Maskgroup.png",
        "price": "20$",
        "lightRequirement": "Low Light",
        "wateringNeeds": "Moderate",
        "size": "Small",
        "petFriendly": "Yes",
        "color": "Green",
        "plantType": "Indoor Plants"
    },

    {
        "id": "17",
        "Plant-name": "Rubber Plant",
        "category": "Fertilizers",
        "description": "Known for its thick, glossy leaves; prefers indirect light.",
        "image": "/images/potted-plant-alocasia-popular-houseplant.png",
        "price": "35$",
        "lightRequirement": "Medium Light",
        "wateringNeeds": "Low",
        "size": "Medium",
        "petFriendly": "No",
        "color": "Colorful",
        "plantType": "Fertilizers"

        
    },

    {
        "id": "18",
        "Plant-name": "Fiddle Leaf Fig",
        "category": "Outdoor Plants",
        "description": "Features large, violin-shaped leaves; best suited for bright.",
        "image": "/images/Group 69.png",
        "price": "15$",
        "lightRequirement": "Direct Light",
        "wateringNeeds": "High",
        "size": "Large",
        "petFriendly": "No",
        "color": "Flowering",
        "plantType": "Outdoor Plants"
        
    },


    {
        "id": "19",
        "Plant-name": "Fiddle Leaf Fig",
        "category": "Outdoor Plants",
        "description": "Features large, violin-shaped leaves; best suited for bright.",
        "image": "/images/Group 69.png",
        "price": "15$",
        "lightRequirement": "Direct Light",
        "wateringNeeds": "High",
        "size": "Large",
        "petFriendly": "No",
        "color": "Flowering",
        "plantType": "Outdoor Plants"

        
    }


]
}
